Project ID,Worker Name,Date,Time,Status
P7559,Arjun,2026-07-13,18:55:10,Present
P7911,Arjun,2026-07-13,18:55:32,Present
P7911,Kumar,2026-07-13,18:55:41,Present
P7911,Senthil,2026-07-13,18:56:21,Present
P7559,Senthil,2026-07-13,18:56:34,Present
P7559,Arjun,2026-07-13,19:20:41,Present
P5004,Arjun,2026-07-13,19:21:02,Present
P7911,Vijay,2026-07-13,19:22:28,Present
P2128,Arjun,2026-07-15,19:44:34,Present
P7559,Arjun,2026-07-15,20:57:30,Absent
P2128,Kumar,2026-07-15,22:10:52,Present
P2128,Lokesh,2026-07-16,19:10:37,Present
P2128,Arjun,2026-07-16,19:38:30,Absent
P2128,Arjun,2026-07-16,19:39:31,Absent
P2128,Ajith,2026-07-16,20:07:39,Present
P7911,Arjun,2026-07-31,22:25:40,Present
